{"cameraMode":{"drawMode":0,"name":"Shaded","section":"Shading Mode"},"sceneLighting":false,"audioPlay":false,"sceneViewState":{"showFog":true,"showMaterialUpdate":false,"showSkybox":false,"showFlares":true,"showImageEffects":true,"showParticleSystems":true,"showVisualEffectGraphs":true,"m_FxEnabled":false},"in2DMode":false,"pivot":{"x":0.9589999914169312,"y":0.6050692796707153,"z":-11.329999923706055},"rotation":{"x":-0.027326611801981927,"y":0.9476040005683899,"z":-0.08437830954790116,"w":-0.30688944458961489},"size":0.3535533845424652,"orthographic":false}