{"cameraMode":{"drawMode":0,"name":"Shaded","section":"Shading Mode"},"sceneLighting":true,"audioPlay":false,"sceneViewState":{"showFog":true,"showMaterialUpdate":false,"showSkybox":true,"showFlares":true,"showImageEffects":true,"showParticleSystems":true,"showVisualEffectGraphs":true,"m_FxEnabled":true},"in2DMode":false,"pivot":{"x":40.551422119140628,"y":23.659828186035158,"z":23.951797485351564},"rotation":{"x":-0.24610614776611329,"y":0.01947694644331932,"z":-0.004949524533003569,"w":-0.9690466523170471},"size":50.285648345947269,"orthographic":false}