{"cameraMode":{"drawMode":0,"name":"Shaded","section":"Shading Mode"},"sceneLighting":true,"audioPlay":false,"sceneViewState":{"showFog":true,"showMaterialUpdate":false,"showSkybox":true,"showFlares":true,"showImageEffects":true,"showParticleSystems":true,"showVisualEffectGraphs":true,"m_FxEnabled":false},"in2DMode":false,"pivot":{"x":-2.6011269092559816,"y":0.37905359268188479,"z":-1.84238862991333},"rotation":{"x":-0.5335476398468018,"y":0.006848199758678675,"z":-0.0043204184621572498,"w":-0.8457320332527161},"size":2.0274035930633547,"orthographic":false}