{"cameraMode":{"drawMode":0,"name":"Shaded","section":"Shading Mode"},"sceneLighting":true,"audioPlay":false,"sceneViewState":{"showFog":true,"showMaterialUpdate":false,"showSkybox":true,"showFlares":true,"showImageEffects":true,"showParticleSystems":true,"showVisualEffectGraphs":true,"m_FxEnabled":false},"in2DMode":false,"pivot":{"x":-2.439145803451538,"y":0.6050692796707153,"z":-14.600131034851075},"rotation":{"x":-0.027326611801981927,"y":0.9476040005683899,"z":-0.08437830954790116,"w":-0.30688944458961489},"size":3.9895431995391847,"orthographic":false}