{"cameraMode":{"drawMode":0,"name":"Shaded","section":"Shading Mode"},"sceneLighting":true,"audioPlay":false,"sceneViewState":{"showFog":true,"showMaterialUpdate":false,"showSkybox":true,"showFlares":true,"showImageEffects":true,"showParticleSystems":true,"showVisualEffectGraphs":true,"m_FxEnabled":false},"in2DMode":false,"pivot":{"x":-18.110950469970704,"y":0.35361844301223757,"z":-8.901360511779786},"rotation":{"x":-0.036395199596881869,"y":-0.6668848991394043,"z":0.03264482691884041,"w":-0.7435619235038757},"size":3.4892115592956545,"orthographic":false}