{"cameraMode":{"drawMode":0,"name":"Shaded","section":"Shading Mode"},"sceneLighting":true,"audioPlay":false,"sceneViewState":{"showFog":true,"showMaterialUpdate":false,"showSkybox":true,"showFlares":true,"showImageEffects":true,"showParticleSystems":true,"showVisualEffectGraphs":true,"m_FxEnabled":false},"in2DMode":false,"pivot":{"x":-0.7751732468605042,"y":0.7256388664245606,"z":-1.0862629413604737},"rotation":{"x":-0.5335476398468018,"y":0.006848199758678675,"z":-0.0043204184621572498,"w":-0.8457320332527161},"size":2.0274035930633547,"orthographic":false}