{"cameraMode":{"drawMode":0,"name":"Shaded","section":"Shading Mode"},"sceneLighting":true,"audioPlay":false,"sceneViewState":{"showFog":true,"showMaterialUpdate":false,"showSkybox":true,"showFlares":true,"showImageEffects":true,"showParticleSystems":true,"showVisualEffectGraphs":true,"m_FxEnabled":true},"in2DMode":false,"pivot":{"x":-5.254695415496826,"y":0.6040201187133789,"z":0.5028915405273438},"rotation":{"x":-0.32424721121788027,"y":-0.022135687991976739,"z":0.007589635904878378,"w":-0.9456835985183716},"size":12.932867050170899,"orthographic":false}